RFC,RazonSocial
32654331,CPSACONSTRUCCIONESDELPONIENTESADECV
32765496,REGIOAXIOMAEDUCATIVOSC
32776428,CIETSAINSTRUMENTACIONSADECV
33771543,MARTINCARRERAESCOBEDO
33785562,TRESAPROYECTOYCONSTRUCIONSADECV
34442743,DIPROECONSTRUCCIONESSADECV
34442754,CDIPABLOMONTESINOSAC
36268503,NASHERARQUITECTOSSC
36306263,ABASTOSYSERVICIOSANMARSADECV
37036045,MARIATERESADELCUETOAIZPURO
37051132,CONSTRUCTORESARRENDADORADEEQUIPOYHERRAMIENTASADECV
37064139,MARIASANTAMILLANROMAN
37091595,PEDROSANCHEZVELANQUEZ
37134530,AYARIRAMIREZGARCIA
37160706,UNIDADESBASICASUPAEPAC
37175220,IZAUGARCIAROJAS
37191114,GLADYSLILIANAGARCIATAPIA
37217088,PROMOCIONESYADMINISTRACIONDEPERSONALJDSADECV
37242732,LUISANTONIOGARDUNOMARBAN
37313069,SAINAX
37355329,LAGUNASBRITOCUSTODIOSANTANA
37438637,RODRIGUEZCUEVASCELESTEDELCARMEN
37495400,MOBLEMSADECV
37537253,SECRETARIADEEDUCACIONPUBLICA
38243370,MORTEROSTUDIO
38243455,ISABELROSETOARMIDA
38324605,ALBERTOVAZQUEZBRACHOYBISOGNO
38324827,INMOBILIARIAJESUSSORIANOSA
38334596,FERNANDOREYEZDIAZ
38498510,ALEJANDROROBLESCORONA
38498622,QUIMICOSESCENCIALESMACKHUTSADECV
38531361,DISTRIBUIDORAMEXICANADETRASMICIONESDEPOTENCIA
38787654,GONZALEZARGUELLOLAURA
39188752,INSTITUTOTAPIACENTENOAC
39216017,SDN36BATALLONDEINFANTERIA
39216501,GABRIELPEDRAZARODRIGUEZ
40421039,GUADALUPEMARTINEZZAMBRANO
40463493,HERMILOJORGEALVAREZRIVERA
40477945,LORENZOGONZALEZMARTINEZ
40547557,JORGEMANUELLARARAMIREZ
40591379,ABELSANCHEZIBARRA
40618962,MARCOESAUSANCHEZMUNOZ
40631936,MARIAINESBARRALESTANUZ
40645724,MARIOALBERTOHERNANDEZLUNA
40645837,CARLOSRAFAELMENDEZAYALA
40660013,SANCHEZCOLINGUADALUPE
40673476,CENTROINTERDICIPLINARIODEFORMACIONYCULTURAAC
40743418,MIGUELANGELALCALAVAZQUEZ
40822092,PRODUCTORAACOLMANSADECV
40864922,MIGUELENRIQUESANCHEZHERNANDEZ
40872673,SALVADORGARCIARESENDIZ
41065762,MARIADEJESUSSALDANAORTIZ
41303984,DIAVALCONSTRUCCIONESYSERVICIOSSADECV
41404013,APPROVISIONNEMENTRAPIDESADECV
42386692,MIGUELANGELGARCIAMONTOYA
42387832,CORPORATIVODEBIENESYCONSTRUCCION10
43686971,HECTOREHREMBEGMIER
43938143,PRINTCODESADECV
44102316,CARLOSALBERTOLOPEZCAAMAL
44188663,JOSUEMOISESMAASNARVAEZ
44229180,CAMAPASADELSURESTESADECV
45349606,QUATTROGRUPOCONSTRUCTORSADECV
45757798,EDUARDORUIZMERCADO
45771302,PACHECOROJOAMADEO
45772030,RESENDIZBOMBELAFABIOLAJAZMIN
45857066,METODOSDEAPRENDIZAJESIMONBOLIVARCONTINENTALSC
46442378,ALFONSOCADENAMARTINEZ
46443347,LUISMIGUELAGUILARLARIOS
46918990,JOSELUISNAVARRODIAZ
46919078,TECNOLOGIAFRIGOALIMENTARIASADECV
47184803,SINDICATODETRABAJADORESYOPERADORESPERMISIONARIOSTRANSPORTISTASDECARGAPASAJEROSYSERVICIOSMIXTOSSIMILARESYCONEXOSDELESTADODEHIDALGOCTM
47253667,ANICETOTORIBIOLOPEZREYES
47253788,MARLENEGUADALUPECORTESCONTRERAS
47322894,JUANALVARADOCERON
47365920,JOSEMONTANOGOMEZ
47393909,AUTOHOTELELPARDOSADECV
47407011,SECRETARIADEEDUCACIONPUBLICASINTIPODESOCIEDAD
47421034,JORGEFERNANDEZFRANCO
47477083,SERGIOANTONIOMANZOBARAJAS
47491922,JOSABEDLIBORIADELACRUZRAMOS
47549570,JOSEGUADALUPEVARGASJIMENEZ
47560112,DOMINGUEZLECHUGARAULGILBERTODELCONSUELO
47617375,ELIDAMATAHERBER
47617742,CONSTRUCCIONESDISENOYALTACOMERCIALIZACIONJESAMSADECV
47630492,SECRETARIADEEDUCACIONPUBLICASINTIPODESOCIEDAD
47630530,ARTUROVARGASGARCES
47687454,CONSTRUCCIONESYCOMERCIALIZADORASADECV
47687468,DIOCESISDETUXPANARPARROQUIADESANCRISTOBAL
47715306,BENJAMINCALDERONCABANAS
47743445,GUADALUPESALASMAR
47883005,ELIODAVIDFLORESPEREZ
47966049,OSEASOMHIARCINIEGACANO
47966058,ISRAELGARDEAORTIZ
47994368,OSCARMONTESTOVAR
48037003,RODRIGOMARRUFOVILLAGRAN
48066284,JACKELINEVEGAGONZALEZ
48095725,JULIOCESARRUIZSOSA
48120962,ASSAYLABORATORIOCLINICOSDERLDECV
48135820,MARIANAMEJIAAGUIRRE
48164047,JAIMEISAIASVARGASTENA
48206580,VICTORHUGOSOLISMARTINEZ
48386389,JOSELUISMONCAYOHERRERA
49508894,ESTEFANIALIMONJIMENEZ
50335039,JORGEARTUROGUERREROLOPEZ
50712551,JUANALFREDOGANDARAANDRADE
50948255,OLACSERNAPAOLALIZBETH
51205391,IVANRICARDODURANVIVEROS
51665839,LUISFELIPEDAVALOSFONG
52111272,NATURALCOMMUNICATIONSSADECV
52138874,ALEJANDROLOPEZALVAREZ
54241304,SAULBARRERADORANTES
54364834,ERICKGARCIANONATO
54602888,MARCOSJOELCERONSOLANA
54648995,ELECTRONICCAFSSAPIDECV
54649099,JORGESERGIOSAMPEDRORANDOLPH
54649130,SECRETARIADEFINANZAS
54676142,SERGIOHEBERTOFIGUEROAORDONEZ
54771541,NATGASQUERETAROSAPIDECV
54800357,SANABRIACAMPOSCONSTRUCCIONESSADECV
54813396,SERGIOCIGARROAAVILA
55037658,ALFREDONAVAGARITA
55038314,DAVIDLIRALOPEZ
56296349,ILMASELLOSADECV
56493276,LAGUNASZERTUCHEROBERTO
56520719,JOSEALFREDOORTIZSOTO
56662728,NANJULSOLEYLNIETORODRIGUEZ
56676451,ELECTROPURADDERLDECV
56676949,TORRELISBOA
56690442,ANTONIOGALINDOCRUZ
56690683,MANUFACTURASYCONFECCIONESAGAPSADECV
56704999,ESTUDIODEARQUITECTURAREMSASDECV
56744694,IGLESIABAUTISTABEREADEMONTERREYAR
58032437,GALINDOVARGASJOSEMARCELINO
59208455,DIEZZGOLDENCOMPANYSADECV
59476245,DIAGNOSTICOYCONSULTORIOENPROCESOSADMINISTRATIVOSSC
59476435,FONSECAMATADAMASRODOLFO
59502601,DANIELVALDEZMUNOZ
59502639,DIEGOSUAREZREYES
59657043,SSMEXICOREPRESENTATIVESSADECV
59684537,SILVIAMASSGARCIA
59684587,DELIAESTHERGEORGEDIAZ
59784640,DEMOCRACIADERECHOSHUMANOSDESARROLLOSUSTENTABLEDIVERCIDADAC
59784674,JOSELUISJAIMELLAMPALLASNUNEZ
59797701,LAURAVERONICAHIDALGOVEGA
60356854,AXAIINDUSTIALSADECV
61336326,OMARHURTADODELAROSA
61448143,JOSESALVADORHIDALGOMADRID
61504498,CLINICADENTALVELASC
61588529,OLDSOCKSBEERGARDENSADECV
61616386,DINORASAYURYESCAMILLACASTRO
61686211,MAYRAFRANCISCAMILLANDOMINGUEZ
61882096,ALEXANDREBRETEAUISLAS
61910092,MEDRANOACOSTADAVID
62624054,EFRAINSANCHEZQUINTERO
62792238,SANTIAGOBAUTISTAGARDUNO
62848029,INSTEELPANELMEXSADECV
62862516,SUMINISTROSDEFRANQUICIASSADECV
63632090,PABLOINZUNZAMORINEAU
63803689,CPIASADECV
63806078,YAZMINAYALAHERNANDEZ
63816210,GENAROMALDONADOCARMONA
63816451,DAVIDENRIQUEURDAIBAYZUBILLAGA
63912198,JORDIALANMAGANADAVALOS
64010016,ARMANDORAMIREZRIVAS
64066173,RAFAELCASTANEDAWALLE
64108026,LEOBARDOLONGINOSGARCIA
64346244,R3SCONSTRUCCIONESSADECV
64346308,COMERCIALIZADORAMANOSANTASADECV
64346442,AMITURDEMEXICOSADECV
64444053,JCONSTRUCCIONESDEVANGUARDIASADECV
64640045,JOSELUISESCOBEDOTORIBIO
64738007,REFACCIONESINGENIERIAYSERVICIOSPARALAINDUSTRIARISISASADECV
5.30E+15,PRI110720EP8
5.30E+15,KIM070509JR1
5.30E+15,KIM070509JR1
5.30E+15,
5.30E+15,PIN9710084WA
5.30E+15,PIN9710084WA
5.30E+15,PIN9710084WA
5.30E+15,PIN9710084WA
5.31E+15,FCM0212139K1
5.32E+15,DPM1110136R7
5.32E+15,GAOC491117IK8
5.32E+15,PIN010131FG0
5.32E+15,VIRC530705UN1
5.32E+15,PIN971112HY2
5.32E+15,PIN971112HY2
5.33E+15,PIN9710084WA
5.33E+15,KIM070509JR1
5.33E+15,SAV1804028K2
5.34E+15,DEC100422NH2
5.36E+15,GSI031127VA1
5.36E+15,SAAV590319PR6
5.36E+15,SAAV590319PR6
5.36E+15,SAAV590319PR6
5.36E+15,DPO800328IA7
ROGL440308K,MARIALUISAROSASGONZALEZ
AAAN580116CY7,JOSEANTONIOALVAREZ
AABJ6905161X8,JUANARANDABALDERAS
AACG770706QD2,GIBRANANTONIOALDAMACUEVAS
AADD730125A73,DAVIDARAUJODIAZ
AAFR820130MF2,MARIADELROSIOALVARADOFERREYRA
AAGL490623MS9,JOSELUISALVAREZGARCIA
AAMC941025DT8,CHRISTIANADRIANARAUZMURILLO
AAOM661116DH6,MIGUELANAYAOSORIO
AAPA7402288T0,ANABERTHAALFAROPADILLA
AAPA810502A91,ALFREDOALFAROPALACIOS
AAPO890506CM3,OSVALDOAMADORPEREZ
AAR170519PQ6,A+DMARQUITECTOSSADECV
AARA7305312P6,ANGELALVAREZRANGEL
AARH700304TG,JOSEHERIBERTOALVAREZROJAS
AARJ760621H40,JAIMEALVAREZRODRIGUEZ
AARL680905FD3,LUISALCALAREYES
AAS820202GM9,ASILODEANCIANOSSANJUDASTADEOAC
AASS6907267P,ALVAREZSOTELOSANTANA
AAVM7101155M7,MAUROALDABAVILLA
AAZA6505077B,ARAGONZAGALAGUSTIN
ABA170622I65,ALCOCERBURGOSASOCIADOSSADECV
ADC130220366,ARKITDISENOYCONSTRUCCIONSADECV
AEAH560407P37,HILARIODELANGELARADILAS
AECH821020ECA,HUGOALBERTOARELLANOCARDENAS
AEFK881120Q18,KARINAIVETTEALEGRIAFUENTES
AEGD85082133A,DANLYANGELESGALLEGOS
AEJE770608IJ,ENRIQUEALEJANDROABREGOJIMENEZ
AEMO701014P25,OSCARACEVEDOMARIN
AEPR830218B62,RODRIGOOZIELARREAGAPEREZ
AESJ6709168S7,JULIOCORNELIOALMERAYASANTILLA
AESL630128RW8,JOSELUISARCESAENZ
AESO6704091T,OSWALDODELANGELSANTES
AEV001219RE7,ALMACENDEESPECIALIDADESVETERINARIASSADECV
AFO05061579A,FORZASTEELSADECV
AGA170623A39,ANAYAGARRIDOABOGADOSSC
AHC141215DE7,AGROPECUARIAHERMANOSCADOSDEPRDERL
AIAD750522F50,DAVIDAMBRIZ
AICE571001NQ5,EDUARDOASHIDACUETO
AIDT7411092S4,TEODOROAVILADIAZAVILADIAZ
AIR1510166T1,AIRAVATASADECV
AIVB6608121P8,BLANCAROSAARIASVELASCO
ALA590112UQ6,AUTOLINEASAMERICASADECV
AME870327T67,AQUAMEXSADECV
AMM150302GQ3,AAMERMANEJODEMUESTRASQUIMICASSADECV
AMT6907178Y3,AUTOBUSESMEXICOTLALNEPANTLAYPUNTOSINTERMEDIOSSADECV
ANO100329HX2,ANAELDELNOROESTESADECV
AOAI880217HF8,ILIANAALONSOAVELEYRA
AOHB690520S18,BERNARDINOARROYOHERNANDEZ
APG941104SG1,ASESORIAPGSC
APS020621G66,ARMSTRONGPRIVATESEGURITYDEMEXICOSADECV
APT060406JQ3,ATLETISMOPRECISIONTOTALSC
ARQ111021H75,ARQUOUMSADECV
ART8705159M0,ARTIGRAFSADECV
ASU820820FV0,ACEITESSUPERFINOSSADECV
ATO990618K58,AUTOSISTEMASDETORREONSADECV
AUBM810604DB9,AGUILARBLANCOMARCOSANTONIO
AUE000615I7A,ANDAMIOSULTRAECOLOGICOSSADECV
AUHM8001201Q2,MIGUELANGELAGUILARHERNANDEZ
AURC6312268B4,MARIADELCARMENAGUILARRANIREZ
AURE760908NC3,EDGARALONSOANGULOROSAS
AUSV740613IWA,VERONICAAGUIRRESANCHEZ
AUTG910313EK1,MARIAGUADALUPEARGUEROTEJEDA
AUTR780827AY,AGUILARTENANGOJOSERICARDO
AUVH730512A39,HECTORANGULOVAZQUEZ
AVD900911L83,ATYVDESARROLLOSYMANUFACTURASSADECV
BABA810517GU0,ALVARADOBADILLOBRIONES
BAEE861127HD9,ELIUTHBARTOLOENCARNACION
BAEJ750421FD6,JESUSIVANBRAVOESTRADA
BAGM9603053L3,MARIOALBERTOBAUTISTAGIL
BAGO880425REA,OSCARBALLESTEROSGARZA
BAJD870520BT6,DANIELDEJESUSBARRIENTOSJIMENEZ
BALC471219Q6A,MARIADELCARMENBARRERALOPEZ
BAM14606264W,BAUTISTAMARTINEZJUANJOSE
BAMH690724GX5,HECTORALEJANDROBADILLOMOLINA
BAMO670604UR,OSCARBAUTISTAMARTINEZ
BARC490904FF,BARROSRIVADENEIRACAROLINAROSALIA
BARJ530308AG4,JUANMANUELBAUTISTARAMIREZ
BARR7403069C,RAULBARBOSAROMERO
BASA861006GH9,ANASORAYABALDERASSANCHEZ
BASF540923KI9,BAUTISTASILVESTREFRANCISCO
BASL880910EI2,LIZBETHBARRERASERRANO
BASS871204SG1,SAMANTHABERENICEBAEZASILVA
BAVC6901315U,BAUTISTAVAZQUEZCANDELARIODELCARMEN
BAVJ6812092G7,JORGEARTUROBARBABOSAVILCHIS
BEAG720422AR4,GABRIELABECERRILARGUELLO
BITA500328N80,ADANDAVIDBRITOTADEO
BKI750417MD0,BELLAVISTAKINDERGARDENAC
BME930212G71,BIZERBADEMEXICOSADECV
BOCL59072572,BOCANEGRACASTELLANOSJOSELUIS
BOCL880608EYA,LUISCESARBOYERCASTANEDA
BOOA660715PZ7,ALICIABOCANEGRAORTIZ
BRE041201189,BOUCRINREFRIGERACIONSADECV
BULL701118EZ5,LUISARMANDOBULTOSLANDA
BULS751111Q36,SARABUSTOSLOPEZ
CAA1703029X2,CHAVEZASOCIADOSESPECIALISTASENSINIESTROSSADECV
CAAA800120QB5,ALEJANDROCARRANZAAVELAR
CAAI590731V82,IGNACIACASTILLOAGUIRRE
CAC050208M23,CORPORATIVOACISADECV
CACC620925FN8,MARIACRISTINACAMPOSCANTON
CACG621003984,GERARDOCASTRUITACORDOBA
CACX560524536,ALEJANDRONOECHAVEZCHAVEZ
CADF670120A5,CASTELLANOSDIAZFABIOLADELSOCORRO
CAEA46071937,CHAPMANESPINOSADELOSMONTEROSALICIAMARIA
CAG150218F82,CULTIVADORESDEAGUACATESPRDERL
CAG950217FF8,CONSTRUCCIONESYACABADOSGONSASADECV
CAGK680604NI8,KORINACALDERONGASTELUM
CAGM590907UU,MARIOCARRANZAGOMEZ
CAHA6610228F4,CHAVEZHERNANDEZMAANGELICA
CAHP670624RD7,PABLOCANTEROHERNANDEZ
CAJG6305219P1,GERARDOCHAVARRIAJUAREZ
CAJG680324HF3,GABRIELACALDERONJIMENEZ
CAMA810426D91,ABRAHAMCASTILLOMENDOZA
CAMA850810SB,CASTILLOMENDOZAALEJANDRO
CAMD790801SM2,DELIACARDONAMALDONADO
CAMJ7101165Y3,JUANFRANCISCOCHAVEZMARTINEZ
CAMJ7807028TA,JORGECANOMEZA
CAMJ800320DS,JHOANAELIZABETHCABERTAMEDINA
CAML851125IE3,JOSELUISCARRIZALESMICHEL
CAMR751011PA8,JOSERODRIGOCASTROMORENO
CAN130815341,COMERCIALIZADORAANDISASADECV
CANJ770826QE5,JORGEFRANCISCOCAMARGONUNEZ
CAOF7405076G9,FLAVIOCALDERONOLIVARES
CAPJ760928FVA,JESUSDELCARMENCABRERAPEREZ
CAPM780411UC8,MARCIACAMPOSPORTILLO
CAQE790329MT7,EMMANUELCARRASCOQUINTERO
CARA5009208N6,AMELIACANALESRAMIREZ
CARJ731020827,JULIOCASTELLOREBOLLAR
CARL8208217J9,LESLIECANTERTARUVIO
CAVG660909QS3,GUILLERMOCARLOSVILLALOBOS
CAVG830718N10,GUISSPELUGICANDIANIVASQUEZ
CAXC611009QNA,ANTONIACHAVEZCASTELLANOS
CAZM840206MH1,MARIOALFONSOCARMONAZAMORA
CBA770518C26,LACASADELABASCULASADECV
CBL160224Q1A,CONDOMINIOBELGICALAGOESMERALDAAC
CCB0210291B7,CONSTRUCCIONYCIMBRADOSDELBAJIOSADECV
CCF0611158Q7,COMERCIALIZACIONCARRERAFRUTOSYLEGUMBRESSPRDERI
CCG1504092D9,CIGESACIMENTACIONESYGEOTECNIASADECV
CCI150422R18,CARRETERASYCONSTRUCCIONESIVERJOLSADECV
CCO0701093B8,CKCONSTRUCCIONESSADECV
CCO851108HG7,CIASACOMERCIALSADECV
CCS070626QHA,CORPORATIFCINQSENSSADECV
CCU110707DA8,CAMIONESCUAUTLISADECV
CDL881129DR8,CENTRODEDIAGNOSTICOYLABORATORIOESPECIALIZADOJUAREZSADECV
CDP000330DC9,CONSTRUCCIONYDESARROLLODEPROYECTOSARQUITECTONICOS
CEC100118IT2,COMUNIDADEDUCATIVALOSCEDROSAC
CEC811023V66,CENTRODEESTUDIOSENCIENCIASDELACOMUNICACIONSC
CEG110503IN2,CENTROSESCOLARESGEUAC
CEGR800416164,RAMONCHEVALIERGUZMAN
CEL880523ER1,CELSOLSAPIDECV
CEM040816CX9,COLORENERGYMEXICOSADECV
CEM960926QS9,CONSTRUCCIONYESTRUCTURASMETALICASSADECV
CEOA7507082T4,ADRIANACRESPOOROZCO
CEP991019RR6,COLEGIODEEDUCACIONPROFECIONALTECNICADELESTADODEGUANAJUATO
CESO730317BM3,OSCARCEDILLOSERRANO
CET800825CY7,CENTROESCOLARTOLTECAAC
CFA1410106A9,COMERCIALIZADORAFAMPESASADECV
CFR970616C44,CONSTRUCTORAFRANFOSADECV
CGM0807092P0,COLLECTIVEMARKETSADECV
CIC001208HL2,CONSORCIODEINGENIERIAYCONSTRUCCIONSADECV
CIG030218272,CONSTRUCTORAEINMOBILIARIAGRUPOLUFRSADECV
CIHA750314FG2,ANTONIOABELARDOCHICHOHERNANDEZ
CIP901218AD0,CONSTRUCCIONINSTALACIONESPROYECTOSSUPERVISIONYASESORIASADECV
CIUG3403139G,CHIMUCANGUMERCINDO
CIX050119P70,CONSTRUCCIONESINTEGRALESXCARENISADECV
CJG120208J10,CONSULTORESENJUSTICIAGENEROYCOMUNICACIONSC
CLC07042712A,CONSORCIOLEGALCONSULTORESCONLEXSC
CLH030307JJ8,CARTONLAMINASDEHUEJOTZINGOSADECV
CMA111128FL7,COMERCIALIZADORAMAFERMO
CMA851118RR7,CASAMARCELOSADECV
CMA860526640,CONSORCIOMEXICANOANTARESSADECV
CMI1511191F5,CONSTRUCCIONESMIRACHSADECV
CML120825HR0,CERCASDEMALLADELAFRONTERASADECV
CNA101209RV9,CORPORATIVONASHORNASOCIADOSSC
COAL770525HN4,LETICIACORTEZAVALOS
COBM8805224U1,MAYRASUSANACONTRERASBENITEZ
COCE6503305K,EFRENGERARDOCOTACHAVEZ
COKE500105PJ9,EZRACOHENKASSIN
CON100225AF2,CONORESADECV
CONR540405S6,CORTESNAVARUBEN
COOJ600829D4,JOSEDEJESUSCORTESOSORIO
COP040505885,COPRYASADECV
COP940816IN2,COPLATASADECV
CPA140324632,COMERCIALPAPELERAALFASADECV
CPE8912136I2,COLEGIOPARTICULAREMMAGODOYBC
CPP150601FB4,CASAPIPRODUCTORAYCOMERCIALIZADORASADECV
CPZ9705275C3,CONSTRUCCIONESYPERFORACIONESZYERSADECV
CRA150619FW6,CREATIVORAZASADECV
CSD0102214U6,CONSTRUCTORASIGLO2001SADECV
CSE030710NJ3,CONTROLSENSORSSADECV
CSE920620H68,SECANTONIOBARBOSAHELDTTV
CSM060419PJ4,COMUNICACIONESYSONIDOMEXICOSADECV
CTE0711222N9,CAFETALEROSDETECPATLANSPRDERL
CTE770617KP2,CLUBTEQUISQUIAPANAC
CTE931220MN1,CONDOMINIOTORREECLIPSE
CTS120227E7A,CARRIERTRANSPORTATIONSERVICESSADECV
CUGL5709231R5,LINOCRUZGARCIA
CULM741107TL7,MASIELCUEVASLOPEZ
CUMM700130PZ,MARTINACRUZMIRANDA
CVA161118ID8,COMERCIALIZADORAVDMDSADECV
CVE1607217S0,CUARTO24SADECV
CVF1105264M1,CULINARIAVALLEFLORSADECV
CYD0903233Z9,CYDINSDERLDECV
DAAJ810429M17,JULIODAVILAANGELES
DAD120328EK1,DALEARQUITECTURAYDISENOSADECV
DAT9306078X1,DIOCESISDEATLACOMULCOAR
DCA930802EA8,DIOCESISDECUAUTITLANARSANFRANCISCODEASIS7
DCC1412117V2,DISENOYCONTRUCCIONESCRUZROMEROSADECV
DCV140519HY9,DONCAPITANDELVALLESDERLDECV
DEML590901TC0,LUISALBERTODELGADOMARTINEZ
DES1705177M2,DIALOGOESPACIALSDERLDECV
DIA040809V40,DISENOINDUSTRIALALMASADECV
DII1609239T8,DESARROLLODEINGENIERIAINTEGRACIONYCOMERCIALIZACIONSADECV
DIM101214Q67,TANGIBLEITMEXICOSADECV
DIRA861009AU8,ADRIANADIAZRIVERA
DIVE580827BW6,MARIAEUGENIADIAZVALLE
DJU890724BU0,DISTRIBUIDORAJUGUETROMSADECV
DLU970104QW0,ABADCANTUCARLOSOCTAVIO
DMM000224IF0,MANTENIMIENTOYDISENOMORCHASADECV
DMS130918ND9,DISPENSARIOMOSENSOLDEFATIMAAC
DOSM630413C97,MARCOSDOMINGUEZSEVILLA
DPI140616CK2,DISMAPPPRODUCTOSIMPRESOSSADECV
DTF900320EE2,DASARROLLOTECNOLOGICOFISICOQUIMICOSADECV
DTH141210EG0,DHADELATORREHERNANDEZYASOCIADOSSADECV
DUPH670202J55,HECTORDURANPRIETO
DVE160927PG9,DISTRIBUIDORAVEGACELLSADECV
EAPA680410IK6,MARIAALEJANDRAESCANDONPALOMINO
EAVL601106IDA,MARIADELOURDESROCIOESTRADAVELASQUEZ
EBI021107S22,ENSENANZABASICAINTEGRALSC
ECE140221D31,EXCANOCONSTRUCCIONESYEXCAVACIONESSDERLDECV
ECI070112GL7,ESTUDIOSYCONSTRUCTORESINTEGRALESDEORIENTESADEDV
ECI990929EL0,EISENDECHIHUAHUASADECV
ECM110819NL3,EQUIPOSCARLINDEMORELOSSADECV
ECO030210KZ6,ECOQUIHERSADECV
ECS170825PR5,EXPANSIONCREATIVASTBSADECV
EDI100729939,EDIFICOLOGICASSDERLDECV
EDI130211FB7,ESPATTIADINAMIKASADECV
EDI670725MD8,EILIDICONSS
EDP981107MB5,LAESTRELLADIVISIONPAPELERIASADECV
EIHC770423JS5,CINDYESPINOSAHERNANDEZ
EIHL471030K26,JOSELUISESPINOSAHURTADO
EIPH7512272Q0,PATRICIAENRIQUEZHERNANDEZ
EITS400627A67,MARIADELSOCORROESPINO
ELS120217KM9,ECOSYSTEMSLINKSOLUTIONSSADECV
EMI150122R20,EMPRENDEDORESMEXICANOSENINGENIERIASADECV
EMM1704078Z7,ESTRUCTURASMETALICASMARLADESDERLDECV
EMT850624SK4,ELECTROMEXTERMINALESELECTRICASSADECV
END1304295M5,ENDUZSADECV
ESA091022JU9,EQUIPODESEGURIDADYACCESORIOSSADECV
ESA140310DT1,ENERGISOLUTIONOFAMERICASSADECV
ESB7607159X2,ESTACIONDESERVICIOSBUENAVISTASA
ESH170303AE7,EDUSHOPSADECV
EUI060307KI4,EDIFICACIONESURBANASINTEGRALESSADECV
EUPN710210GJA,MARIANURIAENRUBIAPELAEZ
FAC180126QW4,FISHERSACOXPASDERLDECV
FAM050401CJ0,FAMPACESADECV
FARG760622EM0,MARIAGUADALUPEFRANCOROJAS
FDM110427V43,FLETES2011SADECV
FIN870622EW7,FINTERSA
FIVH7807086T9,HUGOFIERROVEGA
FME100310NX9,FUMIVACDEMEXICOSADECV
FMO9701311V4,FUNDACIONMAZAHUAOTOMIAC
FPM1001188Q1,FIREPROTECTIONANDMAINTENANCESADECV
FRA1709215TA,FRAMVALSASDECV
FUBA840907AT2,ANADELIAFUENTESBARCO
FUBG6711157Q7,GRACIELAFUENTESBARAJAS
GAAE760517QU7,EDGARJAIMEGALLARDOADAME
GAAR7304245T5,RUBENGARCIAAREBALO
GACC571101I4,CARMENDELIAGARCIACASTRO
GACD621008UY7,DEMETRIOGALINDOCHAVEZ
GADA600802ND5,ANGELGARCIADOMINGUEZ
GADA830204LE6,AIDEEGARCIADOMINGUEZ
GAEC620201AU1,CLAUDIASAGRARIOGARCIAESPEJO
GAEP920106N24,PABLOEDUARDOGARCIAESTRADA
GAFF781229NM9,FABIOLAGALINDOFIERRO
GAFG780829UX4,GALVANFERNANDEZGUSTAVO
GAGF4702041Z9,FLORENCIOGARCIAGARNICA
GAGF510103I9,FLAVIOGARCIAGUTIERREZ
GAGM840804IJ6,MARISOLGRANILLOGUTIERREZ
GAGO7408283D,GARCIAGONZALEZOSCARAGUSTIN
GAGR450203KF5,RAFAELHUMBERTOGARDUNOGARCIA
GAHD840326UG9,DULCEPERLAGRANADOSHERNANDEZ
GAMD5607113X,DAVIDGARCIAMONTANEZ
GAMR780115LW7,JOSERODRIGOGARCIAMADRAZO
GAON580108TW,NUNILAGEORGINAGARDEAZABALOSORIO
GAPI481116F84,INESLUCIAGARAYPINEDA
GAPL590114LW3,GALLEGOSPEREZLETICIA
GAPY6811288K9,YOLANDAGARCIAPICENO
GARF760408EE0,FORTINOGRANADOSRIVAS
GASJ671212KB6,JAVIERGARCIASALCEDO
GAT920506S69,GRUPOARTEYTECNOLOGIASADECV
GATJ6908137B7,JROGELIOGASCATELLEZ
GAU140714RH5,GRUPOAUDICONTSC
GAVH840906N8,HUGOGRANADOSVILLAVICENCIO
GCA111019UQ5,ELGUSTODECAFESADECV
GCA130627NX6,GRUPOCONSTRUCTORAGILESADECV
GCD111123658,GRUPOCDEXSAPISADECV
GCE130225U76,GRUPOCONSTRUCTORECYPSADECV
GCG171208HR0,GRUPOCONSTRUCTORGARTOXSADECV
GCI150811645,GRUPOCAESCOINTEGRADORITELECTRICOEILUMINACIONSADECV
GCO041015DG9,GALOSSCONSTRUCCIONESSADECV
GCO100903992,GIRSOCONSTRUCIONESSADECV
GCS040312PE1,GRUPOCONSTRUCTORSANTIAGOGARCIASADECV
GDE0810077T8,GRUPODEVANSAPIDECV
GDM001212F5A,GRUPODEYCODEMEXICOSADECV
GEM850101BJ3,TELEBACHILLERATOCOMUNITARION487LAEZPERANZAVILLADELCARBON
GEP000519BT3,GRUPOEDUCATIVOPAIDOSSC
GEV101019HP2,GRUPOEMPRESARIALVIERSADECVSOFOMENR
GHE8109305Q3,GUAIDAHERMANOSSADECV
GIC100128SA0,GRUPOINGENIERIAYCONSTRUCCIONESALCAZARSADECV
GIC1312206H6,GRUPOINMOBILIARIOYCONSTRUCTORCLASESADECV
GIF941007KX1,GRUPOINDUSTRIALFROMEXSADECV
GIMH7804208J8,HUGOALBERTOGILMAGANA
GJI130830IK2,GRUPOJARVALINGENIERIASADECV
GMA120820EB4,GRUPOMAKABAGGOSADECV
GMA151005327,GRUPOMADARSADECV
GME0509285X2,GONCALVESDEMEXICOSDERLDECV
GOCI4604114B8,MARIAGONZALEZCANO
GOGR600329M23,GONZALEZGUZMANRAQUEL
GOHD900810EM,GODINEZHERNANDEZDULCELUCERO
GOHM66101658,MOISESGONZALEZHERNANDEZ
GOJC750422568,CESARGONZALEZJUAREZ
GOLD841229IX6,DAVIDREYNALDOGONZALEZLOPEZ
GOMJ630104FZ9,JESUSGONZALEZMONROY
GOMJ980529ZP2,JEHUMISAACGONZALEZMANON
GOMO860417N59,OSCARGONZALEZMARTINEZ
GOMR7202281G1,RODRIGOGODOYMEDINA
GOMT891229V92,TANYVETGONZALEZMENDOZA
GONC880829IJ7,MARIADELCARMENGONZALEZNAVA
GOOM711007P28,MAYRAIVONEGONZALEZORTEGA
GORA790110CX0,ARTUROGONZALEZRAMIREZ
GOS040324SC5,GRUPOO+GSADECV
GOSC710219AX8,JODECRISOFOROGOMEZSANCHEZ
GOSH6610207N5,HABACUCGOMEZSUAREZ
GOVN890416S60,NAYELIGONZALEZVILLA
GOVP541012HQ9,MARIADELPILARGONZALEZVALDIVIA
GOZJ861115A99,JESUSADRIANGONZALEZZALDIVAR
GPH131218TH0,GOODPHARMASDERLDECV
GSA1604289Y8,GRUPOSANGDOSADECV
GSI961111385,GRANOSDESINALOASADECV
GUAF740524PE,JOSEFERNANDOGUEVARAALVAREZ
GUGA841222NU3,ALEJANDROGUTIERREZGARCIA
GUGL780803HUA,LUISARTUROGUTIERREZGUTIERREZ
GUHA651002SQ5,MARIADELOSANGELESGUADALUPEGUERREROHERRERA
GUHC910106H69,CLAUDIAGUADALUPEGUZMANHERNANDEZ
GUHG5311209E4,GUADALUPEGUERREROHERBERT
GULT890329H64,TORIBIOALEJANDROGUTIERREZLECHUGA
GUMV6609112K0,VICTORHUGOGUTIERREZMIRANDA
GUPE330224G36,ESPERANZAIGNACIAGUTIERREZPADILLA
GUTA8302178K6,ANALAURAGUTIERREZTELLO
GUVS780907V37,SERVANDOGUTIERREZVILLARREAL
GVA071019DH7,GRUPOVAYCISADECV
GVE070423KK8,GRUPOVELANTOSADECV
HCD1108216E6,HONORABLECAMARADEDIPUTADOS
HEAA721111PDA,ANGELICAHERNANDEZARREDONDO
HEAD470828FD9,DORALUZHERNANDEZALONSO
HEAG620917DP,HERRERADEANDAMARIAGUADALUPE
HEAG900829BT8,GABINOHERNANDEZANTONIO
HEAM681224NT,MARTHAGABRIELAHERRERAARIAS
HEAO8703307F7,OMARHERNANDEZAYALA
HEBJ710526FP3,JESUSDANIELHERNANDEZBORQUEZ
HECM540215AC4,JOSEMARIAHERNANDEZCARVAJAL
HECM580607NS4,MANUELFERNANDOHERRERACARRILLO
HEFC900601FN5,CYNTHIAMAGDALENAHERRERAFLORES
HEGB920729SU3,BRENDAESTEFANIAHERNANDEZGARCILAZO
HEGJ601012EM9,JOSEHERNANDEZGONZALEZ
HEHJ880509AS0,JUANCARLOSHERNANDEZHERNANDEZ
HEJA430827G3,HERNANDEZJIMENEZARMANDO
HELE730218SV9,EDUARDOHERNANDEZLIRA
HEMJ730618RV4,JUANARMANDOHERNANDEZMENDOZA
HEMS740113NS,SILVIAIVONNEHERNANDEZMORALES
HEOV940725MAA,VICTORMANUELHERRERAORTIZ
HEPI870728SB1,IVANBOSCOHERNANDEZPEREZ
HERA670609BJ6,ADOLFOHERNANDEZRODRIGUEZ
HERJ720202UD,JACINTOHERNANDEZROSAS
HERJ841023IH3,JUANCARLOSHERNANDEZROJANO
HETG690528CD5,HERNANDEZTAPIAGERMANFRANCISCO
HPE051130MA0,HOTELDELOSPEREZSADECV
HPR151012GT2,HVACPRORENTSADECV
HVC150609ND2,HOSPITALVETERINARIOCUERNAVACA
IAL1102181V5,IMAGENARQUITECTONICALUFERAB
IAMJ6004264U7,JOSEIBARRAMIRELES
IARV7605178Y4,ISLASREYESVICTORMANUEL
IBO1101186A0,INDUSTRIASBOLSAVISIONSADECV
IBS050801RW3,INSTITUTOBILINGUESANJERONIMOAC
ICE1409193K1,IDEASENCONSERVACIONDEESPACIOSSADECV
ICO080411JG0,IQSCORPORATIONSADECV
ICO141120QD4,IRCCACONSULTINGSADECV
ICO580905HW7,IMPRESORACOYOACANSADECV
ICO931215T96,INGENSACONSULTORESSADECV
IDI051111Q54,INNOVACIONENDESARROLLOINMOBILIARIOSADECV
IDX140723I38,INMOBILIARIA7DSADECV
IEC030317CD3,INSTALACIONENEQUIPODEINSTALACIONTELEFONICASADECV
IEG1105115N5,IMPULSOEMPRESARIALDEGUERREROSADECV
IEP830311P16,INGENIERIAESPECIALIZADAENPLASTICOSSADECV
IGA921214MR0,INTERNATIONALGALLERYSADECV
IGL060911BW5,INOVAGLASSSADECV
IJE870609T73,INDUSTRIALJECALSADECV
IMM091001KD3,INSTALACIONESYMANTANIMIENTOMEJIASADECV
INF991112CN3,INFLAMUNDOSADECV
INT980219640,INTERCASESADECV
INV130930F45,INVESPASADECV
IPH170726AE1,IMAGENPLASTICAPHARMASADECV
IPM091009JM0,INDUSTRIASPANRICOMEXICIOSDRLDECV
IRE160428F15,INGENIERIAENRADIODIAGNOSTICOYELECTROMEDICINASADECV
IRI120302MX5,INVERTERREREFORMAMOBILIARIASADECV
ISA1203218H1,INTEGRADORADESERVICIOSAINMUEBLESYSIMILARESSADECV
ISB841230DB6,INMOBILIARIASBLANSADECV
ITB920902J78,INSTITUTOTECNICODEBELLEZAINTEGRALDEMICHOACANAC
ITG9903083F1,INGENIERIAYTECNOLOGIASGRAFICASSADECV
JAMA5401231Y4,ALFONSOJANTESMORO
JCD940707B87,JURISDICCIONCENTRODELAIGLESIALALUZDELMUNDOAR
JGR1207275Z7,JOERGRUPSADECV
JIGL670815GJ4,LUISOCTAVIOJIMENEZGARCIA
JIN071022L22,JIDOSHAINTERNACIONALSADECV
JISG611012IN9,JOSEGUADALUPEJIMENEZSANCHEZ
JUGA62051832,JUAREZGARCIAALFREDORAFAEL
JULI621004DH3,IRMAJUAREZLOPEZ
KEDV670408RX1,VERONICAALEXANDRAKEILDIAZBARRIGA
KOM930317M97,KOMMTEKSADECV
KRY760504MI1,KRYSC
KSE060704532,KCSMSERVICIOSSADECV
KSO0707192J1,K+OINGENIERIAYCONSTRUCCIONESSADECV
LALD580521K7,DAVIDLANGARICALEBRE
LASJ700120B25,JORGEARTUROLLAGUNOSANUDO
LAVS760217K8,SERGIOLARAVIQUEZ
LCE140605TJ2,LOGISTICADECOMERCIOEXTERIORSHEKINAHSADECV
LEBM620307NJ7,MARCOSLEVYBETECH
LEMD950517JC0,DIANASILVIALEZAMAMARTINEZ
LEN130301UG1,LENSSETSADECV
LGE120912UJ4,LLACAGRUPOEMPRESARIALSDERLDECV
LIRI9302173U1,IOSIFFEDERICOLIEVANOREYES
LLA010102KD5,LABORATORIOLAMBDAPISADECV
LME000620DG2,LAYBONDEMEXICOSADECV
LOAA660204TN7,MADELOSANGELESLOPEZALVARA
LOCA4411258B6,ALIDAHERMINIAYOLANDALOYZAGADELACUEVA
LOHH810223MCA,LOPEZHERNANDEZHORACIO
LOLC460509LD3,CATALINALOPEZLARA
LOMA910806HT1,JOSEALFREDOLOPEZMEJIA
LOMJ620721EQ5,JUANJOSELOPEZMORALES
LOML800214IG5,LUISALBERTOLOPEZMORALES
LOTI7704187S0,IRENELOPEZTERAN
LOZI7705194M2,ILIANALOPEZZARAGOZA
LPC120425HD3,LONASYPROTECCIONESDECHIHUAHUASADECV
LQB141114RWA,LALUMIEREQUIBRILLEAMEJESADECV
LUGN751004GI4,NATZIRIELILUNAGAMBOA
LUM890724T85,LUMAIRESADECV
LUMG630301C99,GUILLERMOLUCIOMONTIEL
LUN100524R93,LOGISTICAUNICAPARANEGOCIOSENACCIONSADECV
LURA8103038XA,ARGELIALUQUENOROMERO
MAA1502169M6,MARFELAMBIENTEAGUAYENERGIASAPIDECV
MAAG660425IG6,GABRIELAMATEOSANTUNEZ
MAAJ630505PI,MARTINEZAPARICIOJESUSHILARIO
MABA770502PH6,MARTINEZBORJAADRIANA
MABE6909142UA,ENRIQUEMACEDOBENITES
MABE9309171Y3,EMMANUELALEJANDROMARTINEZBRIONES
MABR690317B73,ROGELIOMARQUEZBALLESTEROS
MACE590720KH5,EVAMARTINEZCENTENO
MACG700620DNA,GEORGINAMANCILLACARRANZA
MAFH4309293A5,HECTORMARTINEZFARIAS
MAFL521231C75,JOSELUISMACIASFUENTES
MAGC640430BX7,CARLOSMARTINMARTINEZGONZALEZ
MAGS410911QN5,SALVADORMARTINEZGUADARRAMA
MAMC671120796,CLAUDIOMARTINEZMADRIGAL
MAMG780203Q52,GISELMARTINEZMEDINA
MAMJ7808133M6,JORGEALBERTOMARTINEZMARTINEZ
MANR630411MN4,JOSERAFAELMARTINNUNEZ
MANR72121369A,ROBERTOMARTINEZNAVA
MAPC7502056V5,CRUZFELIPEMAGANAPEREZ
MAPG7709215IA,GERMANMACIASPANTALEON
MAPR6911045C0,RAFAELMARTINEZPEREZ
MASA770619AT0,ARMANDOMARTINEZSANTIAGO
MASH7203019K4,HERMENEJILDOMARTINONSANCHEZ
MASJ710309TL5,JENCARNACIONMARTINEZSALAZAR
MAUG700708G2,GERARDORAMONMARTINEZURBINA
MCE130425T48,MANTENIMIENTOCONSTRUCCIONYENTRENAMIENTOINDUSTRIALSADECV
MCG150727124,MACRINSCONSTRUCCIONGESTORIAYREMODELACIONSADECV
MCO1504289W7,MAROETCONSULTORESSADECV
MDI0803131A9,MAYORISTASDEDULCESIZTAPALAPASADECV
MEAL640622T91,LUISPAULINOMELCHORACUNA
MECN721205RT,MENDOZACASTILLONORMAYOLANDA
MEDR770910AC2,RAQUELMENDEZDESALES
MEGC920604EL7,CHRISTIANEMMANUELMENDOZAGARCIA
MELJ720824U95,JUANRAMONMENESESLENA
MELJ810120V6A,JUANCARLOSMEDINALUNA
MEMA7908201A0,ADRIANMEJIAMENDOZAESTRADA
MEMS861205G73,SALVADORMENDIETAMERCADO
MEOF600511DE6,FRANCISCOJAVIERMEJIAORDAZ
MERA8409271K3,ADOLFOMEZQUITEROMULO
MESL750410N63,LETICIAMENDOZASANTIAGO
MEX060119865,MEXIHOMSADECV
MIA910628KY2,MATERIALESINDUSTRIALESYACCESORIOSSADECV
MIG9608299X9,MANUFACTURERAINTERNACIONALGAARDISADECV
MIT990519H6A,MANTENIMIENTOINDUSTRIALYTRANSPORTEDEMAQUINARI
MIVV710203E41,VERONICAMIRANDAVILLAGRAN
MMF140217B92,MANTENIMIENTOMONTAJESYFABRICACIONESENACEROSADECV
MMM110418R49,MEDICALMECATRONICAMEXICANASADECV
MMU180323NZ0,MELROTMULTIPLE
MOAR680225TP9,RAFAELMOLINAAVILES
MOBM640602PS6,MADELSOCORROMORENOBALTAZAR
MOBR670121579,ROSAINESMOYADOBRITO
MOCR571212CU3,RUBENMONTOYACARRILLO
MOJO560424DEA,JORGEALEJANDROMONTES
MOMA550319227,JOSEARMANDOMORANMORENO
MOMS600404,MORAMARCEDOSALVADOR
MONC711028MBA,CARLOSALBERTOMONTOYANUNO
MOR160822G62,MORFINASDERLDECV
MOSC850620C7A,CESARALEJANDROMONCAYOSOLIS
MOTE720120NNA,ERNESTINAMORALESTERA
MOZK870618RD,KRISTIANJAZMINMOHEDANOZEQUEIDA
MPE031119Q44,ELMUNDODELOSPEQUENOSSC
MRA1306191C8,MXRACESADECV
MRO920511TF3,MUEBLESROSESSASADECV
MSA080924D65,MIAMISALONSADECV
MSP1509248W8,MHSPINESADECV
MTE7901014X1,MUNICIPIOTEOTIHUACAN
MTO000810BLA,MUEBLESTORNEADOSSADECV
MTS120816MK0,MULTITECTECNOLOGIASYSERVICIOSSADECV
NAAE570707HB,EMILIANONAVAALTAMIRANO
NAGY5706263K1,MARIAYOLANDANAVARROGUEVARA
NANN570207EX2,NIVARDONAVANAVA
NAOA810426F96,ANATOLIONAJERAOLGUIN
NDI081008EX5,NATURALEZAYDIVERSIONSC
NDI081008EX5,NATURALEZAYDIVERSIONSC
NEPC750916SN7,CECILIANERIPINEDA
NGN1606236IA,NANGLOBALNANOTEC
NIFL690316GG1,JOSELUISNILOFLORES
NIMG730424KAA,GENARONICOLASMENDOZA
OAPC601219SZ9,CRESCENCIANOORTAPOSADAS
OARV731007314,VERONICAOTALORARIOS
OEME7107152U8,ENRIQUEOTEROMARTINEZ
OENB670805H47,BEATRIZOLVERANAJERA
OERZ740916I20,ZORAYAOBREGONRUIZ
OEVG580725D74,GASPAROBREGONVALDOVINOS
OIGM550427HI6,MANUELORTIZGARCIA
OILA640831NR5,JOSEALFREDOORTIZLEAL
OIPO620520UPA,ORLANDOOVIEDOPEREZ
OIRJ801127IC3,JAVIERORTIZRAMIREZ
OIVP831021SA9,MARIADELAPAZOLIVAVALENCIA
OIZC7503118S7,CESARJOELORTIZZAMORA
OMA160224R74,OLROMANUFACTURASSADECV
OMC120731RH6,OPERADORADEMARCASCRASSUSSADECV
OOHC750302RX,CARLOSOSORNIOHERNANDEZ
OOJO831217741,OSVALDOOSORIOJIMENEZ
OOOJ740404A3,JESUSJAVIEROCHOAOLAVE
OOSA8501098L1,ALEJANDROORDONEZSANCHEZ
OOSH680720U76,HECTORORDONEZSANCHEZ
OPP121226PY9,OPTIMIZACIONENPROCESOSYPLATAFORMASDETISDERLDECV
OPS130524GY9,OPERADORADEPRODUCTOSYSERVICIOSDELBAJIOSADECV
OSA130409M48,OPERADORASAFRATSADECV
OSS041207PW4,ORIONSOPORTEYSERVICIOSCOMPLEMENTARIOSDEAVIACIONSADECV
OUAH6710282E7,HUMBERTOALEJANDROOLGUINAGUILERA
OURJ890405R4A,JASMANYOLGUINRODRIGUEZ
OUSA690403I93,ANAPERLAOLGUINSANTOS
OXA0911057S2,OPERADORAXASADECV
PAAA67042656,PLASCENCIAAYALAALBERTO
PAAD7508266V3,DIEGOISACCPAREDESALDAMA
PAAG7208224F9,JOSEGUADALUPEPAREDESALONSO
PABA760529PT8,ARTUROPALACIOSBALLINAS
PAC7501289J4,PATRONATOASISTENCIALCHAVEZEGUIARTEAC
PACL6401299P6,LUISPAREDESCRUZ
PACR730522PA8,RITALISSETTEPACHECOCASTELLANOS
PAGJ680516QI4,JORGEPACHECOGARCIA
PAGP740615N89,PAVLOVASHARONPLATAGIL
PAHC740829QN8,CARLOSDANIELPRADOHERNANDEZ
PALL680401MRA,LUISENRIQUEPALACIOSLORA
PAM010928L75,PROVEEDORAAGROINDUSTRIALDEMONTEMORELOSSADECV
PAM100420BS8,PORTOMATICSDERLMI
PAM5601016C8,PARQUEARTUROMUNDETAC
PAMC760211374,CARMENPATRICIAPAREDESMARROQUIN
PAMG680923PL3,GABRIELGUSTAVODEPAREDESMARTINEZ
PAN400301JR5,PARTIDOACCIONNACIONALTIPOORDINARIOCOMITEEJECUTIVOESTALTALMEXID511
PANL950123F4A,LINAISABELPALACIOSNAVARRETE
PASM710803I73,PLASANCHEZMAGDALENA
PDB0606222NA,PROBIONICSSADECV
PDE020724IFA,PRUEBASDEDETECCIONSADECV
PEAB810210E7,BENITOPEREZANDRADE
PEAH7710039UA,HERIBERTOPEREZANIMAS
PEAJ530220MC3,JESUSPEDROZAARELLANO
PEAS710227T64,SERVANDOPEREZALAVEZ
PEBM761208KE3,MARIBELPENABARBABOSA
PEHA641117RY,DELPERALHOSSNEANGELENRIQUE
PEHE671204IC0,ELVAPENAHURTADO
PELA911207T47,ARELYPEREZLARA
PEMO850603LL2,OLIVAPEREZMORALES
PEOM630214K13,MIGUELANGELPERALTAOLALDE
PEP0404147H3,POLIPROPILENOEMPAQUEPUBLICIDADSADECV
PEPJ910128H4A,JOSUELEONARDOPEREZPACHECO
PEVC710827GJ0,PEREZVAZQUEZCARLOS
PEVC820806R77,CARLOSALFREDOPEREZVILLEGAS
PGM031217JA0,PROMOMANIACUARTELGENERALDEMARCASSC
PICG361227MB1,GUILLERMOJOSEPRIETOYCELESTELO
PIHE7706118S6,ENRIQUEPRIETOHERNANDEZ
PIM0207128M3,PROYECTOSINTEGRALESMANTENIMIENTOYCONSTRUCCIONSADECV
PIM990331A26,PROYECTOSINTEGRALESDEMICHOACANSADECV
PIME690410H7A,ELENAPINEDAMOLINERO
PIN170706834,PARRILLADAINSURGENTESSADECV
PIOJ681204JF6,JUANBOSCOPRIMODERIVERAORIOL
PIR030409JZ1,PIROESPECTACULARSADECV
PIRZ5508264H6,PISCILRAMIREZZEFERINO
PIS910806MX8,PROYECTOSEINSTALACIONESSERRANOSADECV
PITJ7301247G8,PINEDATREJOJUANMANUEL
PMA920925JB2,PASTELERIAMARUSSISADECV
PMG9803045AA,PRODUCTOSMADERABLESGOLESDERLMI
PMM7905048I0,PRODUCTOSMETALICOSMYGSASA
POAS761023P41,PONCEDELANGELSANDRALILIANA
POGJ720706F80,JUANCARLOSPOMPAGARCIA
POQM7610232K1,MARIANAPONCEQUESADA
PORO7510196I7,OSVALDOPORRASRODRIGUEZ
POW090216PD2,POWERENSADECV
PPU680201C46,PUVESAPUERTASSADECV
PRA040907N61,PLASTICOSRACOSDERLDECV
PRO000726V49,PROLIMPERSADECV
PSR9801208I4,POLIDUCTOSYSISTEMASDEREFRIGERACIONSADECV
PST050106RZ1,PROVEEDORDESERVICIOSENTELECOMUNICACIONESJEMSADECV
PTS150804SX2,PRESCRIBE365SADCV
PURE8212317Z9,ERICKFERNANDOPUENTERIVERA
PVT070302134,TECNOLOGIADEMEXICOSADECV
QIM170317R82,QUALITEMSIMPORTACIONESSADECV
QPR130305MD6,QUIENPRODUCESC
QUHP7907042S3,PERLAXOCHITLQUEVEDOHERNANDEZ
QUI101222A65,QUIMECSADECV
QUMJ880114NBA,JUANFERNANDOQUINTANARMARTINEZ
RAAF651105P1,FERNANDORAMIREZALBA
RACC8603213L7,CHRISTIANDELSOCORRORAMIREZCOVARRUBIASRAMIREZCOVARRUBIAS
RACD700220Q95,DOMINGOALBERTORAMIREZCALVILLO
RACF8207314LA,FRANCISCOSIDARTHARAMIREZCRUZ
RACG9006016M9,GUSTAVOABRAHAMRAMIREZCARMONA
RACP641006CV,RAMIREZCOLUNGAPATRICIA
RADA650621G3A,ALICIARAMIREZDAVALOS
RADR720331T84,RODOLFORAMIREZDEANDA
RAGA700304NF1,AURORARANGELGRANADOS
RAGB800909TW1,BENJAMINRAMIREZGONZALEZ
RAGC6403318U1,CRISTINAJUANARAMIREZGUERRERO
RAGM720906M40,MIGUELANGELRAMOSGARCIA
RAL0805088Y7,RESTAURANTESLASALITASSADECV
RAL1207178D0,RVASESORIALABORALSC
RALA87072558,ALEJANDRARAMIREZLOPEZ
RALV540122HE6,VICENTERAMIREZLARA
RAMH870804FS8,HOLCANKALIDRAMIREZMUNOZ
RAMM720610KE1,RAMIREZMARQUEZMONICA
RAOS6610196V6,SERGIOSALVADORRAMIREZOCHO
RAPS710325J23,SALVADORRAMIREZPENA
RARL530319DZ2,LUCIANORAMIREZRODRIGUEZ
RARZ621227G71,ZANDRALEONORRAMIREZRUSSI
RBE881014TH9,REBAQUEYBELMONTSC
RDFE14523657,EMIGDIOMARROCHA
REA020412CA8,RGESTRUCTURASDEACEROSADECV
RECC7904252I5,CLAUDIARESENDIZCHAGOYA
RECR670607LV0,ROBERTOREYESCESAR
REDM530320JJ,REYESDURANJOSEMANUEL
REGB711204PD,BARBARARESENDIZGONZALEZ
REGC7210203SA,CATALINAREYNAGARCIA
REHA800806AN6,ALEJANDROIVANREYESHERNANDEZ
RERL810620BNA,JOSELUISREGALADORAMIREZ
RICR691011J67,RICHARDCOLLAZOROSAESTHELA
RIDT661209512,RIVERADIAZMARIATERESA
RIE1302287D9,RIHUINSTALACIONESELECTRICASINDUSTRIALESSADECV
RIFL730118896,LEOBARDORIOSFIERROS
RIGJ771112MB9,JUANJOSERINCONGUEVARA
RILL640626BV2,LUCINARIVASLOPEZ
RIMF771119J16,FERNANDOJOSEDELRIOMORENO
RIMS551011HI7,SILVIANOHERIBERTOMANUELRIVERAMARTELL
RINJ750216IX9,JUANCARLOSRIOSNIETO
RITI651206MN,RIOSTAVIZONINDELIZA
RME970728LE7,REFORESTAMEXICANASADECV
RMI000607GSA,COMPANIADEREFRIGERACIONMILENIUMSADECV
ROB1009219S0,ROBETEKSADECV
ROBM571129SSA,RODRIGUEZBASURTOMARTHA
ROCJ730731HYA,JULIORODRIGUEZCASTILLO
ROCM711111AL7,MARIOROMEROCASTANEDA
ROEM7308106I0,RODRIGUEZESPINOZAMARIO
ROGA4705157R,ROSASGUTIERREZJOSEARMANDO
ROGC8601214Y6,CINTHIAROJASGARCIA
ROGR650630CLA,RODOLFOROJASGRANADA
ROGR940902AM6,RICARDORODRIGUEZGUZMAN
ROHG720328I65,GUSTAVOROSALESHERNANDEZ
ROHI9709067U2,ISRAELROBLESHERNANDEZ
ROMC630309PA9,CRISTINAROMEROMENDOZA
ROME890906E4,ERIKARODRIGUEZMARTINEZ
ROML7807044Z1,LUISALBERTOROJASMENDES
ROMR490501CC9,ROSARIOROMEROMARTINEZ
ROOJ681004MB6,RODRIGUEZORDONEZJAIME
ROPL6605144T1,LILIANRODRIGUEZPLATA
RORD791018MW,DIOSELINARODRIGUEZRODRIGUEZ
RORJ740530KE7,JUANFERNANDORODRIGUEZREYES
ROSC790331BU5,CRISTINAEUGENIAROMEROSOTO
ROSG620101IBA,GISELEOLIVIAROSASSOLARES
ROVD871002IF2,DANIELRODRIGUEZVILLEGAS
ROZR890827RT2,RICARDOROSADOZAMORA
RSE1305105T0,RANCHOSANTAEMMASOCIEDADDEPRODUCCIONRURALDERLDECV
RUBL9402207P1,LAURAVANESARUBIOBAZAVILVAZO
RUGN441029RG7,RUIZGUZMANNARCISOTEODORO
RUHM8111147X7,MARIORUBIOHERNANDEZ
RURP9712172X6,PABLORUIZRODEA
RURR630924HW7,RENATORUENESRIOS
RUTO8606062A7,OMARADRIANRUIZCABANASTORRES
RYA120120R97,REPRESENTACIONESYAMSDERLDECV
SABE570331HH9,SANCHEZBENJAMINMARCOANTONIO
SABM521203JI0,MARCOVINICIOSANTILLANBADILLO
SABM570514KUA,MARIOSALAZARBARRUETA
SADA520829IQ9,ARTUROSANTIAGODIAZ
SADL560306CV4,LOURDESSANCHEZDUENAS
SAFI700110F74,ISRAELSALAZARFLORES
SAGL600310L6A,LUZMARIASAINZGONZALEZ
SAGM780307K74,MARTINSALDANAGARCIA
SAGV8405255S2,VICTORMANUELSALAZARGARCIA
SAHL7910273V8,LUISALFREDOSANCHEZHERNANDEZ
SAL060124I8A,SMARTALTERNATIVESADECV
SALA590401U9,ABRILMYRIAMSALCEDOLUCIO
SALJ660514HHA,JOSEJUANSALASLOPEZ
SAMA7909083F,SALAZARMARCELOADRIANA
SANX870717DS7,XOCHITLMAGALISANCHEZNERIA
SAOE680810QG3,EMMANUELANGELSANCHEZORTIZ
SARE560701GI9,EVERARDOAARONSALDIVARROMERO
SARE630907ED4,EMILIOREGINOSANCHEZRIVERA
SARF7303029M5,FAVIOLASANCHEZRESENDIZ
SASJ790102P69,JULIOCESARSANCHEZSAAVEDRA
SASN660614T11,SANTOSSANTOSNORBERTOSANTOSSANTOSNORBERTO
SAVA8507173R9,JOSEALEJANDROSANCHEZVAZQUEZ
SAVO7007087W8,OLIVIAISABELSANDOVALVALENZUELA
SAVR6008317D,RAMONSANCHEZVAZQUEZ
SBR160212IC7,SOLUCIONESBRASSSDERLDECV
SCA091005KL3,ELSOLDELCAMPESINOSPRDERLDECV
SCA9502142Y7,SERVICIOSLACASTANENASADECV
SCP670207LE1,SOCCOOPDEPRODUCCIONFUNDICIONAPULCOSCL
SCS111214K58,SIEMPRECUIDADOSDELASALUDMEXICOSDERLCV
SEA840731QZ7,SERVICIOSELECTROMECANICOSAPLICADOSSADECV
SEM120207LY7,SERVICIOSELECTROMECANICOSMORASADECV
SEMT651219EY0,TAMAMSHEHOAHMIZRAHI
SEO1803269S9,SEORAKSANSADECV
SEPJ73032643A,JOSEFASEGURAPIZANA
SGL0112266Q5,SERVICIOGASOLINEROLALOMASADECV
SIC160714DZ8,SICARUVSADECV
SIF021113UH3,SERVICIOSINTEGRALESFISCALESYADMINISTRATIVOSSC
SIHF540509QP4,FRANCISCOXAVIERSIERRAHOYOS
SIM041118681,SERVICIOSINTEGRALESMULTITECNICOSSADECV
SIM0804115M5,SCDINGENIERIAYMANTENIMIENTOSADECV
SIN130201UK2,SINOMAQUINARIASADECV
SLI1401151W5,SERVIELECTRICA3LDINSTALACIONESYMATERIALESSADECV
SMD950102AN7,SISTEMAMUNICIPALPARAELDESAROLLOINTEGRALDELAFAMILIADEALMOLOYADEJUAREZ
SME141214928,SINDICATOMEXICODEELECTRICISTAS
SME9603142NA,SSAMEXICOSADECV
SOC1105262F1,STUDIO84DISENODEINTERIORESSADECV
SOL150819ID8,SOLARMICHSADECV
SOPJ500822DN4,JORGEHUMBERTOSOLISPEREIRA
SORM611205RP,SOSARODRIGUEZMANUELDEATOCHA
SORR600416S71,RAFAELALEJANDROSOTORANGEL
SPC100722NH1,SUMINISTROSPROFESIONALESDECUERNAVACASADECV
SPI130429J59,SERVICIOSPROFESIONALESENIRRIGACIONSDERLDECV
SRT050203UK5,SISTEMASDEREFRIGERACIONTOTALES
SSC1401096N4,SOLUCIONESENSISTEMADECARGASDERLDECV
STE110427CD1,SURMANTEXCOCOSADECV
STV021126882,SOPORTVSADECV
SUHA7803118T2,ANALILIASUAREZHERNANDEZ
SVI9303118S9,SERVICIOVILLANUEVASADECV
TACA7103278N7,AGUSTINTALAVERACAMACHO
TAFA750215RK6,ALFREDOTAGALFLORES
TAH1407023G1,TURTLEHUGHESMEXICOSDERLDECV
TALA670606BU,ALEJANDRATLATELPALAUREANO
TANA8606093X1,ALDOURIELTAFOYANORIEGA
TCO9512187H8,TENSACONSTRUCCIONESSAPIDECV
TCR0508301K9,TEMATICACREATIVASADECV
TDE091105135,TENERIFEDECOSADECV
TDE1505273N2,TRUCKDEPOT
TDI120620AV2,TERZADIMENSIONESADECV
TEJ0906293ZA,TEJIMAQSADECV
TEJM551221JX2,MARIOTELLEZJIMENEZ
TELR810227RV6,TREJOLEONROSALIA
TEM130618C15,TEMACHTLISADECV
TEM130618C15,TEMACHTLISADECV
TENI740910PW,IVONNETELLEZNUNEZ
TERO7208224E8,OSMARTERRIQUEZRODRIGUEZ
TES110919IXA,TAGECOSOLUTIONSSADECV
TIA030513V54,TRATAMIENTOINTERAMERICANODEAGUASADECV
TINR800120BM5,ROBERTOMISAELTINOCONAVA
TME080225SV5,TESLAMOTORESEINVERSORESSADECV
TOCM810430498,MARATORRESCARDENAS
TOME800408CA9,MARIAELENATOLEDOMARTINEZ
TOOF5701188M4,FERNANDOTOVARORTIZ
TOSI460708AE3,TORRESSANDOVALMARIAISABEL
TSM901126RI0,TECNICASPAMERDEMEXICOSADECV
TTG180128R39,TRANSPORTESTERRESTRESENGENERALMORMEX
TUGE771020694,ENRIQUETRUEBAGOMEZ
TUZJ810729UD4,TRUJILLOZAPATAJUANMANUEL
UAT761124IH6,UNIVERSIDADAUTONOMADETLAXCALA
UCN1104041R0,UNIDADDECIRUGIANUESTRASENORADEFATIMASADECV
UED1206222S7,UVMEDUCACIONSC
UES1501098J2,URBIEXPRESSSDERLDECV
UIHR7302044T3,ROCIOURIBEHERNANDEZ
UIJ980414ER6,UNIVERSIDADINFANTILJOSEMARTISC
UIN900730B47,URBAINGENIERIA
UNA2907227Y5,UNIVERSIDADNACIONALAUTONOMADEMEXICO
USP090122UA9,UKESSPORTSADECV
VACB510702F5,BERNARDOVALDESCABALLERO
VACL830426L21,LUISGUILLERMOVARGASCONTRERAS
VAGD381109J14,MADELOSDOLORESVAZQUEZGARCIA
VAHJ680109LC,JULIETAVARGASHERRERA
VAMG7303023E1,GUILLERMOVAZQUEZMARTINEZ
VAMM550507LE0,MARIOALBERTOVAZQUEZMORENO
VAMS501215MZ3,MASOCORROVARGASMEDINA
VAPJ6908249I1,JESUSNESTORVARGASPEREZ
VARD6012235EA,DELFINOVAZQUEZRAMIREZ
VAVL700422CK8,LUISFERNANDOVALDEONVILLALBA
VEEF660520P38,FERNANDOVELAZQUEZESPINOZA
VEGL56022736A,LEANDROVELASQUEZGUTIERREZ
VELE67122073,EDMUNDOVELAZQUEZLEON
VERH750225EQ6,HECTORRENEVERGARAROBLES
VHC170703IW4,VALVULASHERMANOSCUEVASSADECV
VIAG5103096L,MARIAGUADALUPEVILLEGASAVILA
VIBF701222Q8,FRANCISCOVILLABARRIGA
VICL560416UB8,VILCHISCILISMARIADELOURDES
VIGM911203JB5,MONICASOFIAVILLAREALGONZALEZ
VIMR610706LK,MARIADELREFUGIOVILLAMERAZ
VME030922KS2,VERIFICACIONESMEXICANASSADECV
VPC060728CN0,VANGUARDIAPROFESIONALENCONTADURIASC
VSE130327R77,VBAGOSERVICIOSSADECV
VSO030813SE1,VERSATILESOFTWARESADECV
VUC120608SXA,VIDAURBANACONSULTORIAMJSADECV
VVE020705235,VECINOSDELVERGELAC
VXX0103126Q4,VXSADECV
WIRA560214MX7,ADAMPETERJANWIAKTORRYNKIEWICZ
XAXX010101000,DELEGACIONSANANTONIO
XAXX010101000,SEPAEFCMESCUELASECUNDARIATECNICANO2
XAXX010101000,VENTAMOSTRADOR
XOXX010101000,RAMIROMARROQUINGONZALEZ
YAGM820521938,MARCOANTONIOYANEZGONZALEZ
YAOI710708LR4,MARIAISABELYANEZOLMOS
ZAKN320521ES7,NORITLUISAZARATEKAISER
ZAMA670510AU,ANTONIOZAMORANOMIGUEL
ZAMJ690311PV5,JUANCARLOSZAMORAMARIN
ZANA490822A34,ALFONSOISAACZAPIAINNIETO
ZAOM310715HK0,ZAVALAOSUNAMARIA
ZEAM7706183I7,MARTHAELVIAZERMENODEANDA
ZSI0506219G1,ZITROSERVICIOSINMOVILIARIOSSADECV
ZUMS090410P59,SERGIOZUNIGAMARTINEZ
ZUSR571024FT5,RAFAELZUNIGASUSTAITA
